<?xml version="1.0" encoding="UTF-8" standalone="yes"?>
<ns2:ExportManifest xmlns:ns2="http://www.pentaho.com/schema/">
    <ExportManifestInformation exportDate="28-05-2021 10:48:08 CEST" exportBy="donoval" rootFolder="/public/project/" manifestVersion="2"/>
    <ExportManifestEntity path="Dashboard_docenti.cda">
        <ExportManifestProperty>
            <EntityMetaData name="Dashboard_docenti.cda" createdDate="2021-05-25T09:16:12.914+02:00" isFolder="false" path="Dashboard_docenti.cda" isHidden="false" isSchedulable="true" locale="it_IT" title="Dashboard_docenti.cda"/>
        </ExportManifestProperty>
        <ExportManifestProperty>
            <EntityExtraMetaData/>
        </ExportManifestProperty>
        <ExportManifestProperty>
            <EntityAcl>
                <entriesInheriting>true</entriesInheriting>
                <owner>donoval</owner>
                <ownerType>USER</ownerType>
            </EntityAcl>
        </ExportManifestProperty>
    </ExportManifestEntity>
</ns2:ExportManifest>
